0,GQQG,18126,DTFT,XHFD,1995
1,IREH,54,UEKA,JVQK,2000
2,KFUA,42952,TAMV,ATCR,2022
3,LPTN,7772,YLJV,KNEH,2017
4,DVWD,47959,APKA,EBDV,1997
5,JNOI,22117,OGYX,BPDK,2003
6,KJTQ,60812,UCUF,LVMG,2015
7,FSGW,64385,WPSN,XSDU,2011
8,OJGB,54297,WWGE,QWBN,1997
9,OARI,72699,HVPX,SEMY,2008
10,DJGJ,57464,FQKG,RLMK,1994
11,DUQS,171,PAWR,CSIY,1991
12,HDEQ,64449,TRND,CLAR,1996
13,DQOY,59038,QLWK,SPAG,2001
14,MIBT,31701,RTOC,WCML,2017
15,DPVM,54165,CKHR,DBWO,2008
16,CVST,21196,JADD,CXTR,2004
17,IICF,99494,YYGK,VJYV,1988
18,ALSB,12371,WUXI,FBWY,1981
19,WKCD,9928,CTSR,YDLO,1980
20,WFQM,81120,SDMW,VYQO,1994
21,YJHT,17094,CJQO,WOGY,2010
22,MCQA,70027,OSHM,LBKS,2016
23,PDRA,66474,RCFA,UHMG,2009
24,ODVE,55345,ECQA,FKFG,2003
25,SLGQ,48043,BVKY,KOPH,1993
26,IYTL,2674,OFDR,OLDN,2003
27,ECNS,3365,JJBE,VAIH,2014
28,IBKY,45695,EORB,BTPR,1982
29,FAMK,23364,PGUM,SLEI,1983
30,RXWF,22123,QUGM,KUQC,2016
31,PLCI,84469,NVOW,QWAH,2021
32,WSJS,68764,WGBD,XRML,2013
33,PYBV,14798,KAMC,ORRA,1988
34,DEXW,47649,NIDD,JNST,1995
35,UTFA,46641,DHVF,EHHE,2009
36,CROO,74565,IGFD,HCGD,2010
37,NPRA,62377,IXJA,EFGS,2004
38,KDVE,69420,WDXS,XBFF,1988
39,OJHE,80077,THOR,AKXQ,2008
40,QMBW,68383,FBBX,VQVI,2005
41,LFBO,86293,HSBK,LSYY,1986
42,RQUQ,89256,WRMM,HPFJ,2013
43,SKQA,77287,YKVX,CJLS,1980
44,QYMS,29905,NMXQ,NLPE,2000
45,GLJR,22216,SJGJ,CGRY,1989
46,CVQH,89777,NYXY,AFHJ,2019
47,LUFU,47308,DGRY,WJBA,1994
48,XFLI,96281,UYIR,UJJA,1999
49,ROWO,50872,HMJE,WQBR,2001
50,MPHT,54379,KPYB,IITG,2011
51,GHKV,15056,LHKR,VNDS,1981
52,PIOQ,71964,VDJQ,VVKB,2008
53,GABY,39833,KHHI,OXCV,2007
54,XKHW,34260,YBAU,TNPW,2008
55,HUUV,45673,MCGQ,EKRB,2016
56,QXOF,42129,FCOT,HTRI,1983
57,GDCX,179,HDXI,PDPX,1986
58,DYJM,80166,QGYW,HYWU,1989
59,JWJO,7368,AMDI,SMTI,1990
60,QNLJ,75266,KSCU,AHJA,1983
61,KOYH,31407,WSTX,AADY,2020
62,DFIU,65774,PLOE,WOBK,2005
63,LHYU,59924,HSLC,VIIB,1998
64,QFGR,89139,LXRP,YYTP,1980
65,BNBU,84804,YQDM,JJOG,2002
66,NLKS,87387,SRFP,GGDS,2001
67,NMDC,89870,MPOO,CXFY,1998
68,WMHL,40181,EBSJ,TXTK,1990
69,HCEE,95206,BSHJ,PILP,2005
70,BBDO,36906,GGGG,NOIL,1997
71,DCUC,6728,FDCN,TIXO,2008
72,WLSK,55244,HKKY,DQLN,2000
73,QXDF,91682,TCDK,POSI,1988
74,YGAP,88028,ETGF,JMYB,2010
75,PAOS,31003,IIBX,EELF,1988
76,ERCW,14599,MWOB,UVCM,2014
77,CWCM,4235,TRYH,NREH,1983
78,AFCY,80917,ENST,QKLW,1991
79,NHQR,96245,NVVE,XDYG,2017
80,KPRF,82407,VFJL,ACKR,2000
81,GNWB,92208,STXC,KJSG,2022
82,RRHO,30199,USXF,GJBN,1991
83,YPGT,20981,AHEV,UOXH,1993
84,IVHG,64353,YRVU,HFDK,2018
85,IPJL,63821,GIDX,EWFY,2006
86,PXIJ,52030,FXBQ,LJJR,1994
87,NIQA,87222,VNYP,KUHV,1994
88,UGNV,8657,LFHR,EYPS,2015
89,NVVB,69484,WMRR,PFGH,2014
90,DPMO,15966,PSBF,DWBP,1999
91,GWKK,60227,OUJX,HFAD,2000
92,SMDJ,95629,EDNE,LEFY,2016
93,RRNV,95375,HBQY,RORO,1984
94,BRJA,79009,DBNP,GJVQ,2012
95,YNRV,57848,PQNB,IOEH,1982
96,CDDT,29824,TWAB,TCAE,2016
97,BBPH,70733,GPCB,BNGQ,1990
98,PNLD,75870,FIUC,KADK,1990
99,TKYW,31,NMTU,SJBK,2005
100,UGNG,37736,UPYA,OKPQ,2022
101,GOGU,21667,LPGJ,COJD,1998
102,XULH,89440,ACUN,UEXH,1980
103,GPDH,51463,ROPU,WTRE,1995
104,VYVA,20946,KKHH,VWJH,2021
105,GOHN,46611,RLVR,KXHC,2015
106,DWGI,47651,WGIC,SNED,2014
107,AQXE,89113,GUKW,MFWO,2018
108,QIYK,40424,IUQH,RUJK,2018
109,DBEP,71299,HURK,TJHQ,1994
110,XRLB,21259,CEJA,UDOU,1988
111,RJUR,46154,YKIR,IQGA,1990
112,NLDL,40901,RLID,MVSK,1995
113,EVYS,33024,YAQT,CWAA,2005
114,EQHJ,86104,VPEU,YRGB,2008
115,JJKP,83753,CMWW,PDRP,2019
116,SYEJ,26385,NAHS,GKFH,2016
117,RLEP,90409,AYCB,VHCE,2000
118,AQUW,62737,RKRV,POYC,2017
119,BOYN,40317,FFDJ,SMEE,2007
120,PAAP,88106,YLSG,ALEV,1995
121,TPJB,3015,XXWN,LXER,2014
122,KDJQ,25995,HNSJ,NUGP,1999
123,HGHA,86281,HQXX,CQFX,2001
124,PJJX,66579,GNSF,GCPM,2018
125,XBPS,48243,PUTX,QGWS,2008
126,MMCE,52483,IEKJ,TXQW,1994
127,BSIP,42485,JEAA,DAOI,1984
128,IQPF,9933,AANC,CJHY,1989
129,WYTN,66376,AQYH,GCTA,2020
130,IONF,30633,NVWU,CTSW,1989
131,QWXB,86993,XETU,USRY,2017
132,AGID,13746,YUHY,CQMU,2022
133,JJRD,49815,NTQM,YNWK,2018
134,RDYL,26990,CHDW,FSQF,2001
135,CKXB,3008,OEBN,FAGS,1981
136,MXLE,94026,BJRX,UAAP,1985
137,YMVI,22881,RUNL,ISOE,2016
138,XFXX,84947,VHGB,KOKO,1984
139,FLPW,97908,FLKU,SLUV,1981
140,LXSF,37737,XAXX,JRPR,1998
141,HKNP,23735,GVSS,SOWN,2013
142,NOPO,24806,HPWA,LXKK,1984
143,NEQJ,27635,PELM,HFCD,1994
144,BBJI,85780,UIGC,THBI,1983
145,EMDY,81369,CCUT,WRWF,2019
146,HOAL,33804,QXTN,HTHE,2012
147,TEMC,83312,XOHD,UQLX,2010
148,OFKP,55238,STPL,YTPP,2011
149,KALC,36133,XGKI,GTJQ,1983
150,ILDR,43646,BEJA,NHOX,2000
151,JDXQ,68614,VYHJ,CPGE,1993
152,HJWS,83016,CBHY,AYML,1987
153,KSEQ,41395,VBMP,MBSY,2004
154,CLDB,23861,IXCK,FVTI,1996
155,YAYV,11643,IWOO,PLNA,2022
156,CQCH,36005,QRYL,IKHW,2009
157,VEUU,92694,TWUD,VACT,2019
158,BIEL,99574,JWAE,SEPN,1981
159,YDHS,97585,TUVK,QOSQ,2007
160,IYQI,56217,PHUN,ATKS,2002
161,VHHX,96732,YJLO,RCFG,1989
162,DOUU,80329,FRBC,SNOE,1991
163,CTDO,76048,BUAQ,IVQB,1995
164,AMQI,97905,JCVR,WMQI,2012
165,SHCR,29928,KFBA,HLBQ,1993
166,MHDD,55859,JXOA,HGJI,2016
167,NRKG,26416,YNBD,YUEJ,1984
168,YHMT,30699,FUOQ,NRNX,1980
169,DQDH,60776,DFOC,AMGP,2013
170,UCHX,38867,FFYN,EBFC,1995
171,JJRM,56793,NFCL,BLTY,2007
172,WMEH,73862,OHYT,AHVV,1986
173,WRPG,64133,DPIG,LFIV,1990
174,TIDO,73164,QQTM,WQOC,2019
175,UKQF,57008,QLHD,XYNS,2002
176,SDWC,45701,JSMP,NMPR,1986
177,GFQH,32714,RFGH,XHOW,2013
178,MFPK,57146,YSGH,GGHV,2007
179,HBBU,27739,SCNN,MTPE,2009
180,HXOK,45221,SFWB,NXWX,2013
181,EQQT,61889,VKBH,PQEE,1990
182,BGPI,82466,TVJJ,TCUN,2001
183,RBFV,9220,ROWS,AHNS,2021
184,HWLQ,74604,CJMS,YUCT,1982
185,XQFI,20304,DCKB,CVXM,1985
186,VGMT,50710,GALK,XYAY,1989
187,OEVD,41201,SNSO,IFHK,2012
188,BFSM,88122,YQYH,FSSJ,1982
189,YCUI,19455,LEST,FGAU,2009
190,OUVN,97413,FAHI,YMXU,2002
191,YGQH,97206,FXTT,XIJX,2004
192,IWFD,50373,YEHC,QENJ,1989
193,XHVB,10221,REID,ILYR,1995
194,KQCG,33350,BKDR,CURO,2005
195,VEQA,60789,EEFK,JKNT,1989
196,BTHW,72111,URHH,UTRP,1997
197,KLXI,90131,IRBG,LAJX,2012
198,MEEX,63793,GOAF,IJTY,2005
199,AVIQ,98816,RAHK,KIRV,2014
200,TRTT,90784,VSFJ,TRIN,1991
201,QQQP,30126,WRBK,EDVJ,1998
202,MVXY,93513,VQRF,RMQP,2013
203,GHYX,50176,JELO,WBEP,2010
204,OSCE,83547,IWEH,UFYK,2009
205,MOPP,78384,NHQA,TRFR,2013
206,NCSW,90360,KLIY,DTET,2011
207,KBBQ,90119,ODXX,CRSF,1989
208,YBKI,59123,OERP,XYYI,1981
209,RLKI,77985,MOON,HAQU,1990
210,TATJ,5146,QWEY,NLYF,1985
211,RDUL,67272,HBYS,OFEJ,1983
212,BOIR,20287,HOCF,YDLE,2000
213,GMPY,27503,DWTN,NOYA,1990
214,HFGF,17500,MKGB,UFPD,1991
215,USHT,97696,IMHQ,RKIP,2003
216,TUCQ,27787,GOQJ,LEQK,2002
217,WTID,3613,HMNK,USUF,2014
218,HHHC,53903,EXHU,OFIQ,1980
219,WFBS,57890,FPXW,NHDC,1989
220,YLAY,18662,YVJS,IYVN,1990
221,QHNS,63528,BIFE,QSUU,2006
222,ESJA,57997,QLBH,IBUG,1980
223,OXIX,55036,DORU,BHUG,1984
224,KWYS,34554,QRWS,DOWQ,1981
225,WIGS,15039,JYUC,BUWY,1990
226,RLDS,57772,VVXO,XRFJ,1983
227,GGRJ,90762,GPNM,EKXJ,1997
228,PDKB,28956,XVOL,MKWP,2012
229,KBVF,22411,NKUO,GFYM,1987
230,BQTR,87677,XTTD,ONAG,1980
231,QPKS,36175,CNLN,UXCT,1991
232,EOHP,34318,FVEQ,WLSJ,1983
233,VJII,48006,HXPR,MQVN,2009
234,HQME,74974,WYML,FNBV,2004
235,JKVJ,26621,NHJU,AGEM,1988
236,WYUM,51383,SQGI,SCWP,1988
237,ULMG,79599,KEYA,MPXO,1991
238,TOCQ,72749,KAUK,IRNN,1984
239,HEWG,79672,WSPS,NJWE,1996
240,ADSQ,52663,AWFY,DCJD,2018
241,YHVA,80743,MLIO,ERHQ,1995
242,FMYT,21353,DCYQ,XKLB,2009
243,MOOP,68087,DXPA,FMTG,2013
244,PTAJ,80997,WHQU,ULMY,2020
245,FYXI,21690,MWFP,YHYD,2016
246,EGKE,95377,KFTT,IXQN,1990
247,YOOL,9074,WNCD,TLMH,2002
248,UJTH,41902,LOPC,IJQQ,2020
249,PDHY,98156,SXAN,AFHQ,1989
250,IVKE,64519,AAPY,SYPC,1992
251,PCKI,94228,EAOD,DMEX,1981
252,HTOA,87008,XQOU,MTTW,2012
253,TKJB,48306,RPOP,SINL,1980
254,AGRD,79371,BNPD,WBUH,2014
255,CACT,2224,BDSL,NHAX,1982
256,QOBA,25077,YXQH,KNIV,2004
257,ETJA,9658,AWOK,QEJX,2008
258,IIRX,22633,NNVE,DGYI,1997
259,JYVF,43883,VOSI,UCUU,2006
260,PAIV,69667,IIHP,TYGK,2015
261,RCPA,69018,BXVI,TEQQ,1995
262,JVTU,23804,WEWD,TILL,2010
263,VNFQ,61070,AJOF,KXLN,2007
264,SNGX,88890,KWRJ,EBRH,1982
265,JSNE,3083,DCRL,PWUI,2019
266,POIS,71999,YMTW,VLMW,2017
267,THQI,75268,JHAT,JBCG,2003
268,KPVP,96165,VLXN,UWRY,1988
269,RJKA,64926,UPAI,COOG,2003
270,ASJQ,23978,RENS,FASA,2001
271,GTEN,86071,YATE,PFQQ,2013
272,NTHA,52660,EGXJ,PITT,2002
273,PYFP,73497,UREI,ONGX,1994
274,FQKP,59537,RKKI,QGWK,1992
275,PEQC,95851,KHBK,DTVS,1987
276,HYKW,15935,KJFJ,OEOK,1998
277,AWAW,17406,EJFF,DOGA,1994
278,FCHU,96355,PNJG,RQBM,2015
279,WSKD,64893,WVEF,HHKC,1982
280,BBWC,97134,NMIH,GGYB,2009
281,HGXN,149,UTJU,XNRV,1991
282,QVEK,23693,YITX,DJAB,1988
283,QYRN,26117,LEKE,SCEU,2004
284,SQMI,95290,XKHD,GSFL,2000
285,UBJP,67586,BNBK,VVAL,2007
286,LJCY,26896,MCKD,PYUT,1996
287,TBUM,43736,HEHR,TQXP,2008
288,SWKY,84338,GCKY,KGEA,1994
289,PNQH,57457,DGAC,TWQY,2012
290,RPUK,50531,PVKE,ITCC,2000
291,PBEP,33612,DRKT,GRLG,2005
292,YQWN,91498,GJST,CSTP,2002
293,XHMQ,59265,URLX,ISGW,2022
294,UMTW,30716,HXDA,KSHT,2003
295,MWLO,61482,QXXN,GHGJ,2015
296,ROJU,37658,PYOE,JRMQ,1991
297,EMIS,36600,KQPV,WMQA,2012
298,GFFO,30491,QSHW,WHSR,2002
299,APRP,49518,VGQB,XYLL,1997
300,GIQX,7212,WGMU,LDWP,2012
301,XROE,35255,SPVD,UXGY,1982
302,XVXC,45051,VFXG,KTKD,1998
303,YLFC,91777,EUJP,FKAY,1994
304,TYVL,79943,WASM,PNFX,1994
305,CTTP,23161,OPWT,GVDX,1992
306,ABNH,35705,YMHL,VNDB,2019
307,NIWQ,59028,QOTO,HPXM,2006
308,QGIV,27579,LNFS,BXGK,2008
309,TAFD,2583,LQTB,JXSS,2005
310,WRTJ,77215,RRVW,GLFI,2005
311,MBKL,56249,FOXX,OSGE,1992
312,UVST,46647,RWNS,XFNB,2013
313,VXHG,23237,LGQB,QMOQ,2009
314,BDBF,7773,XTFO,VLJB,2006
315,NWTP,38912,LVNN,MHQO,1980
316,WBDO,44427,KWEJ,HRMH,2022
317,QLHD,55470,GUWA,YQYH,1981
318,QYWJ,94592,JYSJ,KBHN,1991
319,SEOL,43217,BEJA,KXNI,1987
320,IITM,933,HAJW,NCQR,1991
321,NYWF,55505,PDFB,VGTT,1983
322,RXSK,31562,RMDV,GCTW,1995
323,WKJK,908,NFYR,DHVP,2000
324,BJLF,14575,RHFX,XBKB,2010
325,LSGQ,46708,KDSX,FKMT,1988
326,EBUG,74638,KVKJ,KIEO,2010
327,RMEJ,90604,MMOF,DOFM,1987
328,FHTR,78092,RSQX,AAFA,1990
329,IEQJ,29999,ICXK,KJRD,1997
330,XOVO,71835,ASLC,KDOM,1993
331,WTMK,87981,FPFG,RFCR,2014
332,LMCT,82639,PPRY,YIJB,1986
333,GUON,27814,ESFP,IRBJ,2022
334,KVYX,29454,JTBH,YTHM,2016
335,UGMS,69184,MUYF,SSRW,1993
336,IJGM,77797,PPLT,NGNC,2015
337,VWVV,15656,UTVV,PXPC,2014
338,YFTW,66446,KTEI,VLKY,2017
339,APWG,61966,TYHC,WTQK,1991
340,WBGH,22625,PQNJ,SCRE,1995
341,TXYX,36266,WIHY,AHPF,1997
342,UKBV,81717,YKED,XDGO,1995
343,ATOJ,32859,XPKH,DRCQ,2009
344,VRID,4414,YDIH,OSDH,2017
345,SWVK,58196,IVON,UHBL,1993
346,XUNH,2313,VIVL,XLEP,2019
347,ARVV,15754,WBNE,YHCC,2018
348,LRSV,17132,MLPV,VBXV,1980
349,OLWW,94152,VBPA,QRNK,2015
350,SHFE,96561,ODIC,XFJT,1996
351,PUXO,86375,HLOY,VYBO,2022
352,JIES,27976,UIXR,APRL,2013
353,QSSU,47476,UGJG,VIWL,2007
354,CNKB,48573,TMBT,CVXX,2012
355,HIWW,40937,YEXM,XLPB,2003
356,UQJL,98198,AOWM,EPPD,1998
357,DSJW,96727,AESA,VCKC,1998
358,HEBK,67475,AVLE,EUVF,1989
359,QJUV,57668,GBBJ,NOOV,2009
360,AKMM,1397,KRNK,WEPM,1992
361,YOGI,49191,FTIF,YXYH,1987
362,MQRM,85053,SJFD,NMSO,2021
363,QXUF,82696,CTBA,MDJR,2005
364,MFKM,19584,PVEG,YAUN,1981
365,ECNG,11654,XVOG,WAJL,2015
366,GOIP,13372,AMFS,OUWW,1981
367,UNCG,52006,SGVV,WNEO,1995
368,FRWS,23139,UJDV,JAEY,2019
369,YCAN,9642,ITSN,TRIO,2003
370,EUCU,43609,LTXV,UCVB,2008
371,BUBW,17735,CEEG,EWXI,1998
372,BEAM,16758,CVHD,EAMA,2009
373,HWCU,80130,CXVY,LYHX,2017
374,IMDX,68652,XAWE,IRRF,1996
375,RGHI,8142,ILKK,OODO,1994
376,JNAG,78755,MNYN,IPVM,2001
377,AUQG,14266,QJQC,QGYL,1981
378,PPKK,74891,ENYG,SGBA,2018
379,DPLK,98165,SPTQ,AUBH,1995
380,RHAJ,37857,ILEA,FXPV,2014
381,ACWP,9604,OOBE,SBYH,2007
382,KDJW,38482,FBYK,SRFT,1991
383,TNXL,72876,LULP,JHAE,2007
384,ONOO,29624,SQFX,KBMH,1982
385,VKNM,30709,ISSP,IWLS,2004
386,AKHE,63755,SRJE,WSRC,2022
387,GYED,14546,LUCR,MDGR,1983
388,PRQO,96593,HDKA,MTXN,2000
389,LMGU,74490,IDRY,MVIW,2013
390,IVKQ,47398,PBPJ,GYVK,2012
391,SSKT,59775,RCAV,MDFN,1999
392,OSGL,42660,YNGT,JGPG,2006
393,FSFS,95459,IOAV,TKCL,2010
394,OQME,42784,WOPU,VMJQ,1997
395,OMAA,44609,IAMB,YCKC,1997
396,OVNI,6384,VJEU,QINQ,2009
397,XOEF,96029,NWMN,DKBU,2007
398,LBUH,30969,LBSN,GBGX,2015
399,ONPT,60187,DXGH,TJVP,2003
400,JBMJ,70892,NWDD,ANPC,2017
401,KNHH,9404,RYDT,FNLQ,1981
402,PCRI,95298,FLPS,VVJK,2021
403,WMVV,70743,XAKG,LJED,1996
404,QELJ,3888,YYHO,OICO,2008
405,OJUQ,55395,PTDH,UGQE,2020
406,VAQG,7453,QUAI,MJHL,2003
407,WUUC,30318,TWTM,NKTV,1994
408,USBI,1573,CQLB,RCXO,2007
409,CVLU,92128,APMD,WPYN,1999
410,TYUS,96753,HOUF,FIKT,1992
411,AIRH,68920,CBID,UCKF,2021
412,XXVS,59699,TKMD,YQXK,1981
413,RNHP,5147,NDMJ,NWCJ,2015
414,JCSE,19195,RYJR,SDSJ,2016
415,YWIH,86764,RHLF,BDMM,1985
416,UXPI,85804,TCSR,XLIH,1987
417,ELTB,7404,XXUF,HYEQ,2013
418,HUUQ,16555,RAFN,BUGF,1992
419,FFTU,94515,GPOH,HLIT,1997
420,FLQL,4116,SRLP,UTSP,1988
421,CDEK,83313,NODW,FSGL,2006
422,HTDP,52000,GFKI,RDGS,2005
423,FMUU,4759,RGXY,KBVK,1994
424,TRCM,51682,GKWY,VPDG,2012
425,BTTQ,13007,XVQM,LWSS,2000
426,VDAF,91093,AOLX,VFVK,1990
427,DFBH,16320,UDOF,OICS,2006
428,DEXV,66708,YWFG,JBCV,2022
429,HQBP,1661,EQJI,YCLM,2004
430,OUFT,24766,IMME,LEJN,2000
431,CJMN,28317,NRKF,PWIC,1992
432,FCRS,81564,SHIH,VAEE,1982
433,POGD,6865,EKIQ,XBKP,2003
434,SBSC,83206,PNUJ,RNDC,2015
435,STXO,79108,VNIB,AELX,2005
436,AOEY,39827,QTVR,YFSO,2016
437,QDXY,75127,VTUG,CJDX,1983
438,EMOX,91403,GHMR,CELG,2013
439,WMBA,69520,LAHV,OJTM,1985
440,YIIA,3299,MTED,VIFM,2011
441,SPVD,38523,LDSQ,PHSJ,1988
442,XLOK,63290,UOES,MIDD,1993
443,WNKP,7170,FLLJ,QPJY,1984
444,TCYS,28263,LISO,NVLW,2002
445,ITNR,82911,TTBS,OBJA,2015
446,MYHK,12353,JDNG,PWJK,1981
447,NXVF,95381,KDGK,LGGI,1992
448,OJFH,5143,RICB,VBBB,1985
449,TVXU,29969,MEPF,CRJV,1995
450,VHFY,82921,KPDE,PULV,2018
451,RMLJ,96556,RYCP,CJRP,1992
452,MERT,39913,BDNL,SBWA,2005
453,FDTF,3405,BXCB,UNQI,2008
454,FNQS,34037,MXFL,KNCG,1985
455,GGPP,75051,XGPS,EPEO,2018
456,BNXW,34528,MEIM,FALP,2016
457,GKRB,3143,ACTY,ACQP,2014
458,KMRO,63115,RJYS,KYIY,1988
459,SSRY,82099,NJOL,ESGP,1983
460,FSGI,5640,SSWE,XYWY,2005
461,RDSJ,44898,OPDO,KCQD,1988
462,IFSR,61076,XOOH,RVFI,2008
463,TREA,87572,CLWB,RNIP,1988
464,WHWT,82028,OJDS,YNQW,1990
465,NMIO,42752,LJUK,DYJS,2012
466,WSWQ,86273,DMME,VVFO,1987
467,UJHU,6803,KKAO,WNNV,2003
468,NGXE,90427,GEHI,TRUG,2009
469,JTYW,1932,CDNN,XBYD,1981
470,BBOJ,18403,GLYM,VCEQ,1986
471,SXAV,70920,NQFX,AQOM,1985
472,OHBX,83538,VWNG,EOBS,2016
473,YUMF,32506,GBLG,FSYL,1980
474,RAAG,63337,DCDA,FIIP,1981
475,UTIJ,65840,HEKU,XUUV,1982
476,TJPR,72469,IYIN,LUJI,1992
477,PKNH,3195,JNMS,LCBV,2004
478,MXJE,78155,UBQQ,GKPJ,2013
479,WICW,26816,NHRJ,WMYD,2002
480,GRFX,96103,SAPU,ANSJ,2022
481,SVYK,90492,VNRU,IFAQ,2012
482,DFCV,45872,QJYS,UIKT,1991
483,DOMC,45097,XAAL,YNLS,2002
484,QJUT,22033,VNPK,UMID,2005
485,AMWK,81010,OJEX,TMAJ,1994
486,WAAT,69742,DWWO,NKGA,1997
487,WAQW,82570,WQDV,WQAW,2014
488,XOIP,15772,LPTR,DYHD,1994
489,HBHY,95115,JSRS,RDRV,1994
490,HBEV,66514,WTMJ,BNJQ,2007
491,RLQK,25161,JBYX,HLYV,2017
492,UYXO,7720,MFFQ,BFUU,2003
493,VQVA,84767,YOVO,RVPV,2019
494,SORE,532,NACE,VTXN,1986
495,HMCB,51165,HWOH,JJDJ,2008
496,QINP,9511,ADAI,RFXF,2012
497,QJQN,36894,SKBJ,ITFK,1980
498,NMDX,20669,UHPD,HKKF,2001
499,GAJM,75562,YBFS,XSFH,2020
500,IQOY,94168,AOVS,DVSU,1987
501,ERND,81043,DFCB,LPIJ,2015
502,OPBL,89336,YBLV,YEIN,2002
503,GXSW,23873,XLCJ,YHDV,2021
504,OUHJ,27412,EFTP,MMTP,1998
505,WDFA,53351,VUBF,FMWC,1996
506,HGRY,47308,SERJ,WXTN,2005
507,WHGR,21291,JMWO,WVEI,2000
508,MHDE,72315,EDSK,XTGV,2004
509,DMYN,31706,KHRX,WVJJ,1991
510,DVHU,55163,HAON,EIQV,1980
511,WVWX,75867,CNFQ,YVEU,1994
512,QABX,46314,CXXR,BGNO,2017
513,XAGE,4370,TPKN,VJXS,2016
514,PTBQ,27402,UYGR,HFDJ,1987
515,SFOW,23815,CGOY,FDFW,2006
516,TLHT,80991,DQSN,DSTT,2014
517,YDWT,17934,WQRI,YFRU,2008
518,XOSM,9721,JHLQ,XJYO,1988
519,TXWH,64619,XOCQ,VCKO,1987
520,KLDB,71442,WVMM,ODAY,1996
521,EIQI,23574,IXUU,WDFN,2016
522,UMED,94784,MVBN,JLSG,1997
523,EITQ,82214,CNPY,UYNS,2005
524,IRXE,36931,LTMX,SKBO,1992
525,XTIQ,82908,XRJX,BBHL,1995
526,SOGK,73688,RUQH,PEYA,2012
527,LXAQ,53314,UCWI,VULA,2010
528,LKFD,88779,BVAS,XMSA,1991
529,PUNP,37661,PWYB,BNTC,2022
530,VIFX,46111,AFWI,OISU,2014
531,WMJW,26550,VGSG,OAHT,1998
532,MANF,89199,SDBB,JGMF,1995
533,DQBB,98790,MHSA,KJKE,2009
534,IGMG,73993,XYXF,ODSB,2010
535,YLQB,97080,GMBB,FXLR,1987
536,PRUR,17617,QIKR,SKHD,1981
537,TXDN,80083,TYQL,HJAL,1983
538,YSUY,44148,PQKW,KQSQ,1988
539,UQAQ,45246,JRXL,UMYC,2014
540,HWPG,53598,VAUO,EESJ,1993
541,HFHB,24695,RNPK,PHPJ,1990
542,UNYA,82185,DYOV,VXCB,1983
543,HLMQ,88513,KWVE,TWQV,2001
544,IBLH,60119,GKWE,YQCG,2016
545,EQSU,38066,VIYW,MLAP,2015
546,AOMC,31705,YFDY,SUJG,2015
547,OFHQ,60945,CPBV,EPJY,2014
548,APKN,62787,PDPM,POLN,1992
549,KYUS,11468,XSBL,UKGG,1995
550,LJHX,22424,LXSE,QQQN,1987
551,DFRP,70805,WMSH,KWXR,2011
552,LOCK,82683,BPLU,BIPA,2007
553,NCUG,62685,ULQC,AGCE,2006
554,XBXI,12366,NDEV,OIWS,2005
555,AODG,45264,EUVE,YNUU,2018
556,BGGF,88644,GHBT,SDOM,1987
557,GPMC,26408,GXCN,NLXK,2016
558,KOYF,11697,VJDU,VXJH,2011
559,DADH,91725,LPYN,FNVX,1997
560,EJYL,92528,HMSB,PNDP,1994
561,JPMT,40553,VYYF,XTWM,1981
562,AELC,8504,OLFP,MFFF,2014
563,JKEP,41809,XWHA,TEVD,2006
564,NSPC,54832,ECNY,ICII,1981
565,RWKR,16467,DFDY,VTPA,1995
566,GMIO,94589,JIYU,DJKE,1991
567,VHQT,89758,QCYB,XMKH,2008
568,NJMU,92173,CPYQ,AOAG,2016
569,RDXW,72662,NDDR,CVOP,1984
570,IDCU,77128,ROBA,IGQL,1989
571,YRAO,48984,VMJC,PWPB,2015
572,LYTG,59583,TJUO,SXAB,1992
573,DUBI,1983,SCLM,BJIS,1995
574,UCMF,252,CEBO,CIRN,1981
575,CTOG,74906,RSJN,NYLK,2016
576,DJAB,4312,LOVV,LJJN,1981
577,UWER,31013,HSRV,BBEJ,2011
578,UQCL,49734,PMTI,CEAU,1981
579,FVBY,99350,KYWG,FHAE,1997
580,GNBY,71377,EVMG,JXOJ,2014
581,RPML,94693,LQNS,CPPR,1998
582,IOVF,80196,UQBU,CMGC,2006
583,TSYU,90972,FCDP,ATRP,2004
584,FDNH,60101,XJAB,ICFM,2017
585,HAVT,66878,EFFB,KJXS,1988
586,TUBR,63605,PWJP,TETP,2001
587,RPGI,60693,SKVJ,FHDX,1995
588,JVSR,43517,FMQA,TBUG,1984
589,IPJW,63522,XFJQ,DOAS,2012
590,PSOI,82069,NYIE,AXOQ,2011
591,GMCQ,23593,YASI,FBRB,1998
592,ACDL,34980,FUPI,AJIH,2001
593,BTIS,25917,LHAV,MBTI,1987
594,RBJV,68911,JHMW,GSKT,1993
595,VVSQ,75453,WVAT,CKLL,1981
596,SRKO,17494,LYQE,UMLV,1986
597,SMQU,29591,MLRW,EYUF,1993
598,NQLK,76848,LANG,SLOD,2011
599,LWDD,48833,UQRT,WDDA,1994
600,MMFW,97886,HHTD,JOHP,2022
601,RXXF,84804,NJHH,GCMP,2008
602,TUJR,28454,FHHX,JYPX,2017
603,LGAR,49796,YEQU,YFSL,1993
604,QEFI,49627,IVUY,CTTU,1980
605,IFXL,57880,UYAV,PQPK,1991
606,TECG,84657,WGBG,PUUJ,1998
607,DAJV,879,HJMT,SQCH,2015
608,JRWV,12086,BOOB,IQFX,1991
609,VFIS,61655,CRCL,GSUT,1986
610,SXOM,75080,VSGB,ALYT,1991
611,VWHL,1360,FETX,RNHX,1981
612,LIJO,600,GCNP,GLEF,1984
613,YYRV,27188,FIVB,SAAP,1982
614,QVBW,37905,UOUU,RGHN,1985
615,VWFV,74150,TXHG,WXOT,2018
616,QRYF,88834,TULU,MUUN,2019
617,SJBE,68236,DHXY,JVBN,2005
618,WAYL,55523,MNUD,JLKQ,2007
619,FOHR,75601,MEPR,ESSE,2018
620,KTQD,73343,UCJG,IFLR,2017
621,SKOG,2282,DWPY,LNOF,1980
622,ELMF,79507,XYLO,PKCA,2022
623,OOLY,65114,ETGD,GSKA,1992
624,DRVI,48681,OXWA,IFGT,1998
625,TCKR,65811,LSXD,EXXR,1994
626,KNIH,68851,RHHU,CODW,1980
627,XEBK,44646,TRJK,HHCB,2019
628,RIIA,71121,KWET,BWOP,2009
629,KNOY,2543,GQNB,XPIC,1989
630,LWXN,18678,UPMD,QFBC,1997
631,PDJV,2147,TKYX,DVCK,2007
632,RAKS,89506,PAIM,VLCW,2012
633,OLEU,58440,YJYK,DORK,2001
634,ASEX,2711,FAIF,TTFA,2022
635,QXLP,9709,KAHU,EQIS,2016
636,LMLU,74755,FHKS,TNNY,1984
637,AVWI,59984,ODOQ,GGXT,1996
638,DFJV,57085,MOAK,IAGA,2021
639,BUDK,7970,IVYM,XPRA,2002
640,LFNI,95182,WVVI,XNAQ,1984
641,ULXO,7637,OVBB,QARH,1991
642,WJIR,81192,WBYJ,IEQO,2012
643,EJQN,38374,DMXE,PDLB,2000
644,VXLY,5552,EWQM,FQQJ,2018
645,BIIM,86119,OKAS,WELX,1982
646,CKIN,54148,SGIP,DUER,2021
647,WKWY,88517,UILS,DYJV,1999
648,RGWF,44303,NXVE,MAUN,2001
649,IBES,80531,NQWB,WGYK,2019
650,WHUG,64430,HSDI,NSOH,2022
651,AJAW,81411,OXCQ,LURY,1988
652,GTJB,48855,EBAD,NLXE,2008
653,YNUF,21999,WQJN,UVGK,1994
654,LNON,21821,DCAN,NCEF,1980
655,RRNU,44519,NBQN,GJRE,2014
656,TWYD,94499,AGBO,XVFW,1994
657,OCTO,50011,UFNQ,ATLT,2007
658,XVDM,81929,MUJK,OADN,1987
659,UXKQ,30332,GPJY,NDNP,2022
660,OGUS,62020,AWVB,ADRC,1982
661,BQNI,28611,GKWF,URFX,2003
662,NUSX,26408,ABIJ,PEDQ,2019
663,KAMJ,57678,XFWM,AMEG,1993
664,ONRL,24590,CTGO,GCSM,2004
665,RVUC,49817,TBIE,UYFX,1989
666,EANR,39134,VSOI,TSAA,2001
667,MTPA,96478,IKUC,XYYT,2003
668,QNLS,80189,YYMQ,CFNO,1999
669,UOMP,85889,GGEK,MNRI,2009
670,LSIC,27810,POJD,TITR,2006
671,HXVW,11957,SUWW,QNFS,2005
672,ESFU,14240,UNEY,NGLF,2004
673,MLDJ,50121,PDBL,MVFF,1991
674,NJCX,9910,MSOA,LITD,2007
675,EGCP,15226,CUHW,WJBP,1999
676,PLXL,63416,TIFV,NDMG,2000
677,NXOV,7721,QTNL,UAOB,1995
678,KJYG,5038,PFEJ,UWDT,1994
679,QELN,72378,UAXI,ONXR,2012
680,XMFG,28689,BMLN,QSVY,1993
681,TBJC,59892,OUAC,QIFR,1999
682,MBUV,16356,BSYJ,PQJG,1989
683,VJGB,4740,NKLB,PLEB,2013
684,LHAN,99482,HCCD,CMDD,1984
685,JGQO,47660,EIMW,BEOO,2020
686,POTN,916,TRKJ,OOIR,2014
687,VKQE,58616,JJKE,OCKP,1986
688,VHKG,54829,DDQC,TSPY,2000
689,JQIX,81154,NOPH,WGCC,2013
690,RJUF,1784,CAOH,YBRV,2021
691,VMPQ,37737,EWSK,AFLG,2001
692,PDKL,88170,XEFV,UYRC,2022
693,CWSC,65414,PHAQ,NIKB,1988
694,BLFM,68617,RQTX,IQBH,2018
695,GQRV,18777,WFUX,YGXO,2022
696,INNT,4074,COVY,GJNX,2017
697,ETYS,37242,LHVH,CXFE,1980
698,PCMI,22711,UUGC,XEKJ,2015
699,CITU,16837,CKCP,KLTU,1986
700,QQDP,84835,GXTE,JQID,2020
701,PGUT,47762,HMWE,LWBU,1983
702,WRUC,17983,YVHQ,LDWX,2005
703,YCUE,29912,DFSU,JRLK,2009
704,CDTQ,57357,APFP,RKAV,2017
705,EWHC,72256,LWDQ,NUON,2021
706,FYOA,21341,GSJT,RYXE,2018
707,CGFC,79321,LAMN,XOEE,2013
708,ELUN,73753,MTNU,PYUR,1989
709,JUYE,29169,EPTL,PFCX,1989
710,SCLG,40565,HYDL,JFPL,1996
711,YUKD,26163,KESJ,NDIM,1986
712,SIEV,78091,TEQT,XQGQ,2019
713,QKQW,72120,JUGX,YNTH,1992
714,IQFJ,91319,ARNW,NGAY,1985
715,RBSB,95538,EYGD,DKQP,1993
716,KSCT,75057,PPGV,HKER,2006
717,EGBB,37206,TQKC,KBAT,2012
718,CEUS,38869,ECKU,PMEA,1992
719,YAKQ,82855,POKU,WCEE,1982
720,GOBA,60003,HUVO,YJNK,1980
721,WWVB,89022,GDKH,CMNK,1991
722,EQFJ,16381,IGFN,TRHO,2010
723,QWXE,66641,SCDC,EHMI,2010
724,KHCV,62986,RIBD,GEXE,1982
725,YLLD,95723,IGMB,RMUV,1994
726,ISXJ,97535,JOMH,VISX,2013
727,MTMC,65425,HVQA,QQTP,1980
728,GTAV,8535,RLOX,WRHN,2013
729,MJEN,60467,BWRO,EUKF,1993
730,ABUY,44104,TBDI,NAEA,1987
731,UDHE,72022,JOHB,BQRK,2018
732,XGGS,87715,HEKO,HLLA,2015
733,MPVE,54830,NITM,OMHK,2012
734,OPEK,11986,WQGV,JBLD,2019
735,SPKF,85775,SEJT,FVJT,1998
736,COEY,76843,KGTQ,THVH,1988
737,EYMK,1784,LHID,CLYC,2015
738,GECB,55051,DRDB,SFEU,2004
739,KSDI,64536,SACJ,TBIP,2010
740,NAVM,48228,CEOO,WBEM,1980
741,EOTO,80849,GCWM,IMQC,2009
742,YJGK,33539,BLSB,USEU,1981
743,SRRS,95438,JVFW,BYAR,2000
744,XXTO,90405,YYJD,IMWK,1986
745,PASD,16640,CTPF,NAAQ,1985
746,BQUC,1411,CBNY,BMME,1980
747,UYLQ,62495,MJKM,GEYF,1989
748,TQDP,59481,GHVV,PSUE,1988
749,CNGB,31709,FAER,NVDW,2020
750,BEQH,99071,WRDM,HBYF,2000
751,KJTG,84902,TLIK,GJBL,2012
752,JWED,97892,PXCS,XRKH,2022
753,LWJY,13970,ITLH,KPLX,1987
754,LWNO,18613,CNVY,YGKP,2005
755,YSLM,41402,FMDH,JKMU,2019
756,OVDD,93529,FSGN,YXBD,2000
757,XMBF,63666,LUHP,STMS,2000
758,HSGR,88025,KWUX,WFLO,2001
759,MSRT,51495,VKYY,MGAY,1983
760,ELIN,80173,XUAM,BYHU,2004
761,NWHO,41708,YDOO,VKYD,1981
762,WWPD,58410,SFDJ,ADYU,2009
763,CPTN,85559,YSHG,OBSP,2017
764,KHVT,51357,JCTU,KLWA,2016
765,TEJY,63746,WGDJ,PGVL,1986
766,ABCO,89870,OCRQ,IFHA,2009
767,RLQX,44432,FQPY,EBDJ,2000
768,QQHC,34183,BDEV,GFDB,1992
769,BJMR,47784,FKPR,AJOO,1995
770,EEHF,52591,TPRH,BQVF,2008
771,RIWU,19882,ONVG,UXAG,2000
772,UIKV,39812,WKSO,REFF,2021
773,TFVA,79004,MDAU,VWHR,1994
774,KUNP,71105,XIVP,EEYP,2006
775,VPQM,94927,IBQA,LSYX,2017
776,YBPN,23894,CIVN,MIRP,1985
777,BFLA,57093,RXLN,MHAU,2015
778,WFNU,92723,HNOH,KFAM,2003
779,IMVG,5702,NNPG,TOLX,2012
780,VHNW,86342,QGYT,CVKN,2006
781,PFAB,18437,NHPS,HITR,1991
782,TCMV,2456,DOIK,HAFP,2006
783,AVDO,91735,ROLF,RSDW,2019
784,IAJI,56729,RRTH,BESS,2007
785,AOFN,9490,VLXJ,BORC,1995
786,KDGP,3246,PMAU,PSWQ,1999
787,PQEM,50760,CBPS,TVSY,2022
788,VBSL,23179,HUHV,EAMS,2012
789,EBIB,36333,TNCE,VIUG,1992
790,UUYW,44135,UAEX,JFLS,1999
791,NFRK,68045,HAEM,ANAN,1986
792,UMND,481,ISGH,VCQB,1983
793,OOTG,38311,BSFW,CXUF,2001
794,ASEC,92742,NXYK,MNKK,1995
795,LWKQ,53311,SXNW,TBAY,1982
796,VHEH,12140,BNEV,PWCA,2014
797,SSLH,66849,IPPN,NINV,2011
798,NTBS,89871,NIUW,KRUG,2020
799,ISXI,24324,TGAI,TJIO,2010
800,EYNY,3200,RNBX,EPAC,1986
801,JXXD,81557,JVBP,GVXO,2005
802,DRSC,91350,XSQQ,GPEW,1993
803,JTLA,72937,OSSU,USKW,1981
804,NTDV,61413,DKII,JKCI,2004
805,GTAK,68785,RDMF,QWIM,2001
806,WBRN,38846,DDNJ,WCNX,1992
807,YOFW,23560,WJEV,KHVK,2019
808,MLIY,16472,INHD,USJR,2009
809,FVUC,8577,AEOK,JDNL,1987
810,BJFL,21086,BSWV,POXT,1989
811,MLRF,96593,JJHA,FQFE,1989
812,YPWI,6476,THRF,RHHA,2020
813,PCUJ,56806,LMPW,TOHT,2010
814,XGAQ,98804,CKJQ,PENE,1990
815,WWOV,60252,RCDO,LEGU,2004
816,PSAV,51119,VFAS,WDQQ,2006
817,WICG,13923,GBQA,KAKT,1994
818,EQNA,184,CUTG,AXWO,2018
819,IKCM,47398,RDSF,MQUQ,1990
820,QNMQ,88746,VEAQ,TEEA,2001
821,MMLH,40764,WXGD,VJSE,1985
822,CEAL,23243,KYYJ,TCQV,1990
823,TYPF,22608,AEPU,JLOQ,1987
824,IXDS,13628,HITA,YEYW,2015
825,XMWG,77058,IOGA,IPST,1984
826,UGHN,52640,DLWI,YQFL,2021
827,GQVQ,65801,LWKR,LOUL,2013
828,HSAJ,67588,TJFG,JUHG,2021
829,OJHE,68314,WMNC,LDQT,1999
830,PYBA,51003,AYYK,JNWY,1995
831,LQON,38555,TCDM,BQCP,2000
832,RBJX,81429,VXBW,MNCI,2005
833,PIKS,11661,OPDS,FTWL,1988
834,DGQJ,79740,XBXL,OMVM,2007
835,XTXM,78040,HCCJ,WHAX,1986
836,EGKF,43983,MPIT,TLMC,2019
837,YHEP,67684,XXBE,UDSV,2022
838,GYBA,47455,KRLA,CGHR,1992
839,NOFT,20525,KUYK,XMEO,1982
840,RXOU,75676,XYMX,BDBN,2013
841,WVAF,31514,NYIJ,TDKY,1991
842,AFFR,51653,SDCK,UKHW,2001
843,ICPQ,55144,AOVU,MLFY,2015
844,ASXS,57497,PGXE,SXOQ,2003
845,JSYG,17229,XTBM,ASNT,2009
846,EELJ,43125,LCRR,HMCA,1996
847,MVBU,1393,INUE,PCPL,2011
848,FBWW,81257,QSAR,SERD,2014
849,XWIO,41300,MIMH,EVIH,2014
850,QAAR,94064,TQJV,HTIA,2004
851,QONQ,57271,HHCV,HOED,2021
852,NNJP,42052,JBFQ,WIIW,1986
853,LPFM,26328,CGBL,CHQH,1984
854,BWBF,27764,GREC,LDGD,2012
855,XSLL,84516,HUWQ,MMTX,1982
856,NCWX,45539,OVVU,CUIT,1982
857,DCTO,20112,XKPM,XLNL,2006
858,TTHD,77315,CNFA,VRFI,2011
859,QPNY,52790,SDKI,KXAP,1985
860,MJQA,90615,ELTS,FILC,2022
861,JGOQ,98194,JGUY,MYGV,1982
862,JTHF,85730,LJPY,XGGG,2000
863,AGQT,14529,VOTX,MIHQ,1993
864,XAEA,59681,OYHV,QXEE,2012
865,BCTJ,3070,FRRH,GFYS,2006
866,ULNE,63699,BMOP,DXSC,2021
867,OQTB,99256,FEXC,FMJD,2002
868,JMGJ,84062,LDCY,SUXW,1995
869,GMJK,59361,JKVS,YACX,2016
870,WGNP,51988,OGRC,BUJC,2019
871,SJHK,12348,YOKW,CBLG,1990
872,QXHD,89361,QKNG,TBXG,2019
873,NAWN,82171,GFVX,LTNI,1986
874,BECG,32301,AQQD,TJID,2000
875,STAQ,74334,EGSH,WSKX,2006
876,PDCQ,85270,MEDL,KIVS,1999
877,MYUA,82852,JBFL,DSEC,2010
878,LRXO,27118,RQOB,NNJB,1985
879,HWLX,7782,INCA,HSOW,1984
880,GQBG,75357,EYCL,VGHX,2021
881,FGDV,41336,TKER,BJRK,1998
882,WOJF,80180,SQAD,VSRY,2018
883,WGAO,48705,WBCD,NWWH,1985
884,LHBV,85948,MOIM,JXVU,2014
885,XHGG,2498,CEVU,LDYS,2012
886,UIEC,14447,EEWY,GBKV,1982
887,MTCD,46227,AUUG,WGHM,1999
888,LXHD,68684,LBMB,IKNN,1999
889,TGPP,12602,CUMW,NFGY,1989
890,TSJX,93710,YVBX,HTYN,2019
891,RQVO,131,YNDQ,FPBM,1999
892,FMHR,20735,MENR,ETOJ,2005
893,YEOT,14353,LLGQ,RXEG,1981
894,XEUG,32716,TTSN,JAGQ,2008
895,BEKL,42098,VBBX,XIOU,1996
896,XNTQ,99819,RYGI,RQUX,2008
897,SFHU,90489,OEJC,WKJQ,2012
898,LERU,94533,TJHJ,PDNX,2008
899,FFVN,78103,JMXY,BCMX,1995
900,OIUG,30779,TDTJ,HERS,1993
901,LOCS,87860,EHSQ,ETXM,2017
902,AFJE,13697,SXKO,PRDI,1996
903,EHHL,976,GUHL,BDKV,2019
904,VMQR,7077,BFII,MOYP,2012
905,AWTR,69815,VSGR,GYAJ,1983
906,PLFP,90861,DRTY,FFLP,1987
907,ETEE,41884,LAUS,CWAD,2020
908,VVCX,67335,PUUJ,XYPJ,1980
909,UWTV,64179,LTSH,DHSG,2009
910,KLHE,15712,NWSU,ERUL,2018
911,VQUI,34881,MQDK,FFWF,2010
912,HUHV,65273,MIAP,BCPE,1981
913,YCLG,78556,PVVJ,SRRI,2004
914,JRDP,6735,XKJD,PWPG,2007
915,CVSP,11252,FUSV,DBDQ,2022
916,GGVX,74802,CXDY,YDEE,2017
917,LGDE,2012,FSFN,AOVV,1999
918,CHPM,71244,AXDR,RNWV,2001
919,IVTG,50672,NBPN,PGPX,2014
920,PHHJ,62564,LOVR,PIAW,1982
921,HYTE,61850,YSOS,OAEJ,1988
922,QVLY,19403,RKAS,SMHJ,1992
923,VKGR,88878,HDNO,GABT,1980
924,TCVB,82208,AOMQ,DDSF,2012
925,WPEN,42285,KSQI,WPDN,2003
926,URDT,39650,USQX,TXNV,2012
927,QMFD,222,MPNO,JNSD,2000
928,LFCC,70736,DBHU,ABEO,2006
929,KWPR,35800,NSLN,OKDR,2013
930,OBDB,8081,NJDS,HGKT,1987
931,IMOB,36042,QCRV,QLWI,2018
932,FVCQ,62313,SYHP,IMHW,1997
933,VYFJ,2218,KBGJ,QXSE,1989
934,CNPJ,54440,XXII,PXXX,2001
935,CBFA,42882,IJYJ,XKYD,1997
936,OTQN,42167,BTNS,JILK,2012
937,PNWQ,70509,GIPH,WXLP,1982
938,REKL,6181,ONVI,HEPC,2006
939,TASE,9247,VKFW,WNKH,1985
940,IAQH,88296,KPHD,EPHC,1987
941,EMQF,76591,XVWK,THVS,2000
942,TCRA,38678,ILWE,EJLF,2017
943,RAKU,85663,OCOB,YDDL,1991
944,UCVE,45326,DHVN,BLCT,1982
945,OWNW,80567,OFUX,WSHV,1994
946,MYCS,53421,WQGX,LJLB,1988
947,UANX,94317,OHFB,INDF,2014
948,EJBI,29424,YUGV,XEWS,1988
949,TVMV,19423,BADQ,IOQF,1996
950,LNGY,11760,FCLB,MJRH,2013
951,VBWV,34620,UXFX,BVAG,1989
952,ODBO,19905,MBAT,FJKC,1999
953,YYBM,98239,ONGU,LEDY,1995
954,MMTS,64327,BQSR,EUXH,1998
955,HCIE,6670,HYCB,NFES,2012
956,IJNF,79155,IQXX,IELC,2008
957,EJIB,2829,GJBX,SVFU,2010
958,JJXL,26156,VHNJ,OISA,1997
959,SKUR,12149,NDMV,BXRQ,2021
960,EAVX,92538,MMHJ,LEIB,2007
961,IOBP,79655,QNDO,OXJE,1997
962,IMAY,65209,TDFA,UMSN,1981
963,CQGX,61741,HNUK,DKWA,1999
964,GYOW,1798,QPUX,UQHM,2018
965,MFMH,1464,YOBB,AJFH,2005
966,HGYF,53668,GTRU,HSRJ,1980
967,YKMR,69191,WSJD,RNQK,1989
968,EEQL,44558,IPWX,MYUI,2015
969,VGKX,47552,TOJM,UCYI,1980
970,IQSJ,3013,FPFO,XGBH,1989
971,DYKM,57878,CXTG,EKPT,2008
972,VVER,17149,XFIM,BMMG,2020
973,ONQJ,30757,OEQU,LYJD,1992
974,WKGL,87330,OCRX,YKON,2021
975,FYAX,48795,GOSY,OKJR,2006
976,MJDV,64342,INOW,TKCW,2019
977,KOQU,5465,HYBR,WYTF,1991
978,BPFV,96326,YQLE,TQEJ,2006
979,BFCG,55554,USRI,WPLR,1987
980,BLAN,16454,DMAG,IQJL,2002
981,WXHD,75049,NWBX,XJAQ,1983
982,YSLN,37277,BWNR,YWWX,1983
983,TJKV,38051,BHGQ,AUXC,2003
984,EXJH,48551,LNPD,VXGE,1998
985,UTRG,67722,SMPW,KYQI,1986
986,YUNV,81326,AUSH,OQIP,2017
987,PGDG,81375,CYXH,OUMI,1980
988,HTPJ,17615,YTUC,OYMX,1990
989,JIXO,77774,JFQC,MQNV,1985
990,FFSW,76773,VJHV,VDAK,2022
991,CDOD,79112,OQAR,DERL,2018
992,JIHU,38921,KBKE,WVKA,2014
993,FIVC,37202,XAVU,WCJP,1997
994,AGLG,3628,NIGH,JNPV,2013
995,VLXS,33097,ENCH,KWMF,1994
996,NJVD,22686,IWJP,HGTV,1989
997,BOHP,30003,OWUP,XALB,2008
998,WEIL,37993,NOQK,QXNS,2019
999,RCEO,96810,TPKH,DENN,1986