name,password
Andrew,1234
Vitaliy,qazwsx
Nataliya,6789
Abram,ijnokm
Aarav,1234frki
Abbey,alqo
Abby,hork
Adella,ijnokmlop
Abie,jiki
Adalynn,fikrik
Abbigail,vbnghj
Addie,asdcvb
Adrain,njibhuvgy
Aaliyah,102938
Aaden,ki8ju7
Addisyn,bhu876
Adin,zxcasdqwe
Abigail,kolpjihu
Adelle,9ij0ok
Adilene,qwe123456
Abb,njbhvgcf
Ada,qwertyuio
Abdul,nklcghas
Adam,sahjdhkv
Adelia,123sdbvca
Adolfo,njmkhbulmk
Abigale,ghjasdfr
Abdullah,nj123hs
Adda,njcdsouas
Adriane,ashjhb12
Acy,sauiydahs2
Aden,hbsjgdjh3
Aaron,sajkhksaj
Aditya,lkjfdlh
Aedan,jkhhaksj
Abel,ajsdhbmsa
Adelina,ajdsahpo
Abraham,kolouijn
Add,1029shcb
Adonis,vfrgbtnhy
Abril,njaisjn
Abdiel,nsjhdc
Adrian,njisjdn
Arlena,sjknkslxzm
Arley,asdjkalsas
Arletta,asdjklas
Arleth,sajkhdja
Arlie,1231123s
Arlin,fsdsas1
Armin,sadas12